claim_id,claim,main_location,proof_or_checker,source_or_test,experiment,figure_or_table,raw_result,maturity,fresh_recheck,boundary
C1,Exact robust entailment over known omissions and virtual suffixes,Theorem 1; Section III,proofs/model-and-proofs.md Theorem 1; src/causalcut.py verify; src/checker.py,tests/oracle.py; tests/finite.py,full4; subsets3,Figure 1; Table II,results/full4-0.json through full4-7.json; results/subsets3.json,mathematically proved; finite-checked,"all affected code included in clean reproduction; 74-task fresh-copy run completed 2026-09-16, semantic equality; results/reproduction.json",Independent intervals; trusted complete fixed inventory and prefixes; no deployed guarantee
C2,Failure yields an explicit selected-premise counterworld,Theorem 1 converse,proofs/model-and-proofs.md Theorem 1; src/witness.py,tests/finite.py; tests/mutations.py,full4; subsets3; mutations,Table II,results/full4-*.json; results/subsets3.json; results/mutations.json,mathematically proved; finite-checked,"clean-reproduction witness checks; 74-task fresh-copy run completed 2026-09-16, semantic equality; results/reproduction.json",May violate unselected true facts; not a claim that actual history was stale
C3,Least observed ideal or suffix impossibility for fixed evidence,Corollary 2,proofs/model-and-proofs.md Corollary 2; src/causalcut.py minimum_cut,tests/finite.py subsets3,44928 comparisons,none,results/subsets3.json,mathematically proved; finite-checked,"clean-reproduction subsets3; 74-task fresh-copy run completed 2026-09-16, semantic equality; results/reproduction.json","Standard ideal-closure consequence, not joint evidence/cut optimization"
C4,Exact fixed-evidence budget region with open/closed endpoints,Corollary 3,proofs/model-and-proofs.md Corollary 8; src/causalcut.py budget_envelope,tests/boundaries.py,50400 queries over 2016 evidence cases,none,results/boundaries.json,mathematically proved; finite-checked,"clean-reproduction boundaries; 74-task fresh-copy run completed 2026-09-16, semantic equality; results/reproduction.json","Header, cut, feature set and chosen evidence fixed; no lease renewal"
C5,Certificate selection has exact set-cover representation,Theorem 4,proofs/model-and-proofs.md Theorem 3; src/causalcut.py cover_sets,tests/finite.py covers,512 matrices; 4096 selected subsets,none,results/covers.json,mathematically proved; finite-checked,"clean-reproduction covers; 74-task fresh-copy run completed 2026-09-16, semantic equality; results/reproduction.json","Standard set cover, not a new approximation algorithm"
C6,NP-complete at frontier width one and observed height three,Theorem 5,proofs/model-and-proofs.md Theorem 4,set-cover reduction; tests/finite.py cover_case,bounded reduction cases only,Figure 2,results/covers.json; data/controls/greedy-suboptimal.json,mathematically proved; reduction finite-checked,Finite-encoding statement and main proof rechecked; reduction cases in successful 74-task fresh-copy run,Binary rational endpoints; fact cardinality with trusted header; not encoding hardness
C7,Width-one cut may need arbitrarily many timing facts,Section IV-B,proofs/model-and-proofs.md Theorem 5,singleton and shared-anchor constructions,shared; independent,Table III,results/workloads/independent-*.json; shared-*.json,mathematically proved; construction measured,"clean-reproduction workload cases; 74-task fresh-copy run completed 2026-09-16, semantic equality; results/reproduction.json",Not a bit lower bound or universal certificate-language theorem
C8,Exact unit-cost optimization on independent chains,Theorem 6,proofs/model-and-proofs.md Theorem 6; src/causalcut.py chain_optimum,tests/finite.py chains,20480 instances; 128680 subsets,Table II,results/chains.json,mathematically proved; finite-checked,"clean-reproduction chains; 74-task fresh-copy run completed 2026-09-16, semantic equality; results/reproduction.json",No cross-source dependency edges; standard interval stabbing
C9,Exact nonnegative additive-cost independent-chain optimization,Theorem 7,proofs/model-and-proofs.md Theorem 7; weighted_chain_optimum,tests/weighted.py,16384 and 81920 optimizations,Figure 3; Table II,results/weighted-3.json; results/weighted-4.json,mathematically proved; finite-checked,"clean-reproduction weighted-3 and weighted-4; 74-task fresh-copy run completed 2026-09-16, semantic equality; results/reproduction.json",No cross-source edges; standard interval cover shortest path
C10,Greedy need not be exact; standard harmonic bound and feasible dual lower bound,"Section IV-A,C",charging proof; check_dual; original Chvatal result,tests/finite.py covers; tests/boundaries.py,343 dual-tight small feasible systems; explicit 3 versus 2 example,none,results/covers.json; results/boundaries.json,standard bound proved here; finite controls checked,"clean-reproduction covers and boundaries; 74-task fresh-copy run completed 2026-09-16, semantic equality; results/reproduction.json",No claim of dual optimality or large-instance exactness
E1,1783808 four-event decisions agree across methods,Section VI-C,tests/finite.py; tests/oracle.py; src/checker.py,all 64 numbered four-event DAGs,full4 eight shards,Table II,results/full4-0.json through full4-7.json; summary.json,measured finite agreement,"clean reproduction; not independent review; 74-task fresh-copy run completed 2026-09-16, semantic equality; results/reproduction.json","Counts are bounded decisions, not a universal proof"
E2,Ten named semantic mutations are discriminated,Section VI-D,tests/mutations.py,fixed designed controls; eight schema and four certificate/witness errors,mutations,none,results/mutations.json; data/controls/*.json,measured finite controls,"clean-reproduction mutations; 74-task fresh-copy run completed 2026-09-16, semantic equality; results/reproduction.json",Not a random mutation score or source-inventory authenticity test
E3,54 generated positive runs and 54 unfenced pairs; assertion savings vary,Section VI-E,tests/workloads.py; report.py,6 families x 3 scales x 3 seed labels,five serial samples per method,Table III; Figure 4,results/workloads/*.json; workload-summary.csv; scaling.dat; large-table.tex,measured generated workloads,"clean-reproduction all 54 cases; raw-derived report check; 74-task fresh-copy run completed 2026-09-16, semantic equality; results/reproduction.json",30 distinct structures; no production latency or byte savings
E4,One worker; retained process CPU 224.53s and RSS at most 188980KiB,Section VI-G,src/resources.py; report.py,per-process resource fields,original campaign plus content-bound materialization process,none,results/summary.json; campaign_recovery.json,measured,derived summary checked; current 74-task fresh-copy run matched semantics and 199 retained JSON files byte-for-byte; results/reproduction.json,"40s conservative interrupted-driver allowance; current run 324.35 child CPU seconds, 428.26 wall seconds and 189932KiB peak; not full conversation wall time"
L1,"COPS, stable-time, watermark/frontier and feature-store work cover neighboring mechanisms but not the reviewed selected-premise theorem","Sections I,VII",literature_matrix.csv; external_resources.csv,literature_matrix.csv; external_resources.csv; reference_verification.csv; paper/check_references.py,18 full-paper calibration records; 17 targeted closest-work records; 36 cited references with unique stable identifiers and primary records,none,literature_matrix.csv; external_resources.csv,primary passages/full-paper scopes recorded; scoped closest-work comparison,final metadata audit and paper-side citation/BibTeX/ledger gate passed 2026-09-16; no direct subsumption identified in reviewed scopes,No universal firstness or venue-importance claim; targeted sources are not counted as fully read calibration papers unless so marked
C11,Weighted seven-event realization and explicit excluded shared-offset counterexample,Section V-C and VII-D,proofs/model-and-proofs.md Numeric boundary illustrations,tests/illustrations.py,two numeric illustrations; six integer offset points,Figure 3 realized by admitted catalog,results/illustrations.json; data/controls/weighted-chain-example.json; correlated-header.json,mathematical examples; finite illustrations,"included in final clean reproduction; 74-task fresh-copy run completed 2026-09-16, semantic equality; results/reproduction.json",Real-offset argument is mathematical; six points are not a proof over reals
C12,Accepted content-bound packet equals deterministic replay over a causally closed budget-complete cut,Proposition 8; Sections VI-B and VI-F,proofs/model-and-proofs.md Proposition 9; src/materializer.py check_packet,tests/materialization.py positive cases and fail-closed controls,6 shared/independent cases at three scales; 13 controls,Table IV,results/materialization.json; data/materializations/*.json; data/materialization-certificates/*.json,mathematically proved by composition; finite-checked,included in final 74-task fresh-copy run; 199 retained JSON files byte-identical; results/reproduction.json,"Expected digest and assertions trusted out of band; deterministic reference operators only; no signature, ML utility or transaction semantics"
E5,Six materialization pairs replay identically; the shared-128 fact-list substitutability contract passes; thirteen fixed tamper/semantic controls reject,Section VI-F,src/materializer.py; tests/materialization.py,retained manifests and minimal/full packets; tests/materialization.py fact_list_contract and fixed controls,6 positive case pairs; shared-128 has 4 accepted fact-list cases and 3 rejected boundary cases; 13 fixed rejected controls; canonical JSON byte counts,Table IV,results/materialization.json; results/materialization-summary.csv,measured finite controls,fact-list contract executed after static boundary review; current materialization task and final 74-task fresh-copy reproduction passed; results/materialization.json and results/reproduction.json,"Warm savings assume cached manifest; cold includes manifest; selected facts are validity/sufficiency checked rather than identity authenticated; no network codec, throughput, cryptographic or adversarial security claim"
L2,Feature-store application mapping is executable through content-bound deterministic replay,"Sections VI-B, VI-F, and VII-B",Proposition 8; src/materializer.py,"Hopsworks, feature-pipeline optimization and RALF comparison; tests/materialization.py",reference materialization and packet-byte comparison,Table IV,results/materialization.json; literature_matrix.csv; external_resources.csv,proved composition plus measured reference implementation,"paper, proof note, code, generated packets and source scopes reconciled 2026-09-15",Not a production feature store or representative trace; application value beyond declared operators is not claimed
E6,Independent two-source finite audit agrees with both decision paths and both chain optimizers,Section VI-C; supplementary exact finite domains,tests/audit.py; src/causalcut.py; src/checker.py,independently organized two-source exhaustive oracle and brute-force subset search,9072 admitted models; 326592 selected premise sets; 36288 weighted instances,Table II discussion,results/audit.json,"finite-checked; separately organized audit, not a general proof",direct rebuilt audit and final 74-task fresh-copy run passed 2026-09-16; semantic and byte equality; results/reproduction.json,Two independent two-event source chains and declared bounded domains; not adversarial or production histories
E7,Independent replay oracle agrees and duplicate JSON members fail at every command-line semantic boundary tested,Section VI-C/D; supplementary schema and controls,tests/audit.py; src/materializer.py; src/checker.py; src/cli.py,independent replay implementation plus handcrafted top-level and nested duplicate-member inputs,45 replay manifests across four operators; seven duplicate-member controls,none,results/audit.json,finite-checked negative controls,direct rebuilt audit and final 74-task fresh-copy run passed 2026-09-16; semantic and byte equality; results/reproduction.json,"Not parser fuzzing, cryptographic authentication, or a completeness claim over malformed encodings"
