name,scholarly_or_official_url,immutable_scientific_identifier,license,access_date,resource_type,acquisition_method,integration_mode,supported_claim_or_passage,internals_modified,read_scope
COPS,https://www.cs.princeton.edu/~wlloyd/papers/cops-sosp11.pdf,10.1145/2043556.2043593,Upstream rights retained; no redistribution license asserted; PDF not packaged,2026-09-15,scholarly paper,primary web PDF text and page images,citation and original paraphrase only,Sections 2-5 and Appendix; nearest dependencies versus complete transitive dependency list for COPS-GT,no,full main paper and appendix
GentleRain,https://infoscience.epfl.ch/server/api/core/bitstreams/444555d0-b7e4-4a0e-8bfd-c272efdad136/content,10.1145/2670979.2670983,Upstream rights retained; no redistribution license asserted; PDF not packaged,2026-09-15,scholarly paper,primary web PDF text and page images,citation and original paraphrase only,"Physical timestamps, heartbeats, global stable time and clock assumptions",no,full 13-page paper
Skybridge,https://www.usenix.org/system/files/osdi25-lyerly.pdf,USENIX OSDI 2025 pp.187-204,Upstream rights retained; no redistribution license asserted; PDF not packaged,2026-09-15,scholarly paper,primary web PDF text and page images,citation and original paraphrase only,"Sections 2.2 and 3-4: HLC/skew test, gaps, complete writer windows and leases",no,full 18-page paper plus publisher cover
Solving Computation Slicing Using Predicate Detection,https://personal.utdallas.edu/~neerajm/publications/journals/equivalence.pdf,10.1109/TPDS.2007.1077,Upstream rights retained; no redistribution license asserted; PDF not packaged,2026-09-15,scholarly paper,primary web PDF text and page images,citation and original paraphrase only,Predicate detection/slicing equivalence and incremental algorithms,no,full 14-page main article; separate omitted-proof appendix not retrieved
Retroscope: Retrospective Monitoring of Distributed Systems,https://www.cse.msu.edu/~sandeep/publications/retroscope/main.pdf,10.1109/TPDS.2019.2911944,Upstream rights retained; no redistribution license asserted; PDF not packaged,2026-09-15,scholarly paper,primary web PDF text and page images,citation and original paraphrase only,"HLC/logging, retrospective query model, best-effort collection and evaluation",no,full 12-page author manuscript; journal metadata separately verified
Value the Recent Past: Approximate Causal Consistency for Partially Replicated Systems,https://www.cs.uic.edu/~ajayk/ext/TPDS-Jan2018.pdf,10.1109/TPDS.2017.2740174,Upstream rights retained; no redistribution license asserted; PDF not packaged,2026-09-15,scholarly paper,primary web PDF text and page images,citation and original paraphrase only,"Opt-Track and Approx-Opt-Track, credit forgetting, causal violations and simulation",no,full 14-page journal article
A Generic Specification Framework for Weakly Consistent Replicated Data Types,https://hengxin.github.io/papers/2025-TPDS-Specs.pdf,10.1109/TPDS.2025.3533546,Upstream rights retained; no redistribution license asserted; PDF not packaged,2026-09-15,scholarly paper,primary web PDF text and page images,citation and original paraphrase only,Sections II-IX: visibility/arbitration/return-value context and three formal case studies,no,full 16-page journal article
Achieving Probabilistic Atomicity With Well-Bounded Staleness and Low Read Latency in Distributed Datastores,https://hengxin.github.io/papers/2021-TPDS-ASC.pdf,10.1109/TPDS.2020.3034328,Upstream rights retained; no redistribution license asserted; PDF not packaged,2026-09-15,scholarly paper,primary web PDF text and page images,citation and original paraphrase only,"Version staleness, inversion probability and instrumented experiments; not real-time bound",no,full 15-page main article; separate proof supplement not retrieved
Verifying Pipelined-RAM Consistency over Read/Write Traces of Data Replicas,https://hengxin.github.io/papers/2016-TPDS-VPC.pdf,10.1109/TPDS.2015.2453985,Upstream rights retained; no redistribution license asserted; PDF not packaged,2026-09-15,scholarly paper,primary web PDF text and page images,citation and original paraphrase only,"Duplicate-value hardness, unique-write algorithm and trace experiments",no,full 13-page journal article
Detection of Weak Unstable Predicates in Distributed Programs,https://users.ece.utexas.edu/~garg/dist/tpds94-weak.pdf,"TPDS 5(3):299-307, 1994",Upstream rights retained; no redistribution license asserted; PDF not packaged,2026-09-15,scholarly paper,primary web PDF text and page images,citation and original paraphrase only,"Weak unstable conjunctions, incomparable local states, correctness and debugger",no,full nine-page author manuscript
Detection of Strong Unstable Predicates in Distributed Programs,https://users.ece.utexas.edu/~garg/dist/tpds96.pdf,"TPDS 7(12):1323-1333, 1996",Upstream rights retained; no redistribution license asserted; PDF not packaged,2026-09-15,scholarly paper,primary web PDF text and page images,citation and original paraphrase only,"Strong predicates, causal linkage and interval characterization",no,full 20-page author manuscript
Repeated Computation of Global Functions in a Distributed Environment,https://users.ece.utexas.edu/~garg/dist/tpds94-repeated.pdf,"TPDS 5(8):823-834, 1994",Upstream rights retained; no redistribution license asserted; PDF not packaged,2026-09-15,scholarly paper,primary web PDF text and page images,citation and original paraphrase only,"Revolving primitives, time/message bounds and reuse applications",no,full 13-page author manuscript; section VII numbering duplicated
Resettable Encoded Vector Clock for Causality Analysis With an Application to Dynamic Race Detection,https://www.cs.uic.edu/~ajayk/ext/TPDS2021-REVC.pdf,10.1109/TPDS.2020.3032293,Upstream rights retained; no redistribution license asserted; PDF not packaged,2026-09-15,scholarly paper,primary web PDF text and page images,citation and original paraphrase only,"Reset/frame/merge conditions, race detector and experiments",no,full 14-page journal article
Hierarchical Detection of Strong Unstable Conjunctive Predicates in Large-Scale Systems,https://www.cs.uic.edu/~ajayk/ext/TPDS2015a.pdf,10.1109/TPDS.2013.306,Upstream rights retained; no redistribution license asserted; PDF not packaged,2026-09-15,scholarly paper,primary web PDF text and page images,citation and original paraphrase only,"Hierarchical strong-predicate algorithm, main proof, preconstructed tree assumption",no,full ten-page main article; separate complexity supplement not read
Fast and Message-Efficient Global Snapshot Algorithms for Large-Scale Distributed Systems,https://www.cs.uic.edu/~ajayk/ext/tpds2010.pdf,10.1109/TPDS.2010.24,Upstream rights retained; no redistribution license asserted; PDF not packaged,2026-09-15,scholarly paper,primary web PDF text and page images,citation and original paraphrase only,Tree/hypercube snapshot bounds; claimed stronger optimality is conjectural,no,full nine-page author proof; final issue metadata separately verified
Probabilistically Bounded Staleness for Practical Partial Quorums,https://www.bailis.org/papers/pbs-vldb2012.pdf,"PVLDB 5(8):776-787, 2012",Upstream rights retained; no redistribution license asserted; PDF not packaged,2026-09-15,scholarly paper,primary web PDF text and page images,citation and original paraphrase only,"Probabilistic quorum/version/time staleness, WARS assumptions and evaluation",no,full 12-page article
Spanner: Google's Globally-Distributed Database,https://www.usenix.org/system/files/conference/osdi12/osdi12-final-16.pdf,USENIX OSDI 2012 pp.251-264,Upstream rights retained; no redistribution license asserted; PDF not packaged,2026-09-15,scholarly paper,primary web PDF text and page images,citation and original paraphrase only,"TrueTime uncertainty, commit wait, safe time and Appendix lease argument",no,full 14-page paper including appendix
"Time, Clocks, and the Ordering of Events in a Distributed System",https://lamport.azurewebsites.net/pubs/time-clocks.pdf,10.1145/359545.359563,Upstream rights retained; no redistribution license asserted; PDF not packaged,2026-09-15,scholarly paper,primary web PDF text and page images,citation and original paraphrase only,"Happened-before, clock condition and physical-clock appendix",no,full eight-page paper including appendix; unrelated adjacent article excluded
Depot: Cloud Storage with Minimal Trust,https://www.cs.utexas.edu/depot/depot-tocs11.pdf,"TOCS 29(4), Article 12, 2011",Upstream rights retained; not redistributed,2026-09-15,scholarly paper or primary bibliographic record,primary web retrieval,citation and original paraphrase only,"Section 6.4 pp.12:15-12:16: beacon freshness or suspicion, distinct from causal consistency",no,"targeted intro, metadata and Section 6.4; not counted as fully read"
Timed Consistency for Shared Distributed Objects,https://orion.tec.ac.cr/en/publications/timed-consistency-for-shared-distributed-objects/,10.1145/301308.301350,Upstream rights retained; not redistributed,2026-09-15,scholarly paper or primary bibliographic record,primary web retrieval,citation and original paraphrase only,Ordering versus propagation-timeliness distinction only,no,primary institutional abstract and bibliographic record; full paper not retrieved
Necessary and Sufficient Conditions on Information for Causal Message Ordering and Their Optimal Implementation,https://www.cs.uic.edu/~ajayk/ext/80110091.pdf,10.1007/s004460050044,Upstream rights retained; not redistributed,2026-09-15,scholarly paper or primary bibliographic record,primary web retrieval,citation and original paraphrase only,"Causal-message information necessity/sufficiency is earlier work, not physical freshness certificate minimality",no,targeted introduction and central optimal-information statements; not full-paper calibration
NCC: Natural Concurrency Control for Strictly Serializable Datastores by Avoiding the Timestamp-Inversion Pitfall,https://www.cs.princeton.edu/~wlloyd/papers/ncc-osdi23.pdf,USENIX OSDI 2023 pp.305-324,Upstream rights retained; not redistributed,2026-09-15,scholarly paper or primary bibliographic record,primary web retrieval,citation and original paraphrase only,"Strict serializability, response timing control, no synchronized-clock requirement; not a bounded-staleness result",no,"targeted abstract, introduction and model/design; not full-paper calibration"
Making Transaction Isolation Checking Practical,https://arxiv.org/html/2604.20587,"arXiv:2604.20587v1, 2026-04-22",Upstream rights retained; not redistributed,2026-09-15,scholarly paper or primary bibliographic record,primary web retrieval,citation and original paraphrase only,Trace/operation uncertainty for isolation checking; different trusted data and property,no,"targeted abstract and introduction; preprint, not a claimed peer-reviewed publication"
A Greedy Heuristic for the Set-Covering Problem,https://pubsonline.informs.org/doi/10.1287/moor.4.3.233,10.1287/moor.4.3.233,Upstream rights retained; not redistributed,2026-09-15,scholarly paper or primary bibliographic record,primary web retrieval,citation and original paraphrase only,Standard logarithmic greedy approximation; main paper gives its own charging argument,no,primary publisher abstract and metadata; not full-paper calibration
Spanner award record,https://www.usenix.org/conference/osdi12/technical-sessions/presentation/corbett,USENIX OSDI 2012 award record,No redistribution; workflow calibration only,2026-09-15,official scholarly event record,web,calibration reason only,Explicit Jay Lepreau Best Paper Award; no award inferred for other papers,no,official presentation record
TPDS author information,https://www.computer.org/csdl/journal/td/write-for-us/15085,Official TPDS guide,Not redistributed,2026-09-15,official workflow rule,web retrieval attempted,readiness hold,Page returns one-line/script-only content; live detailed rules not confirmed,no,inaccessible substantive body
IEEE journal template selector,https://template-selector.ieee.org/,IEEE journal submission family,IEEEtran class: LPPL 1.3; bibliography file own embedded notice,2026-09-15,publisher template,user-supplied matched archive; structural inspection,unmodified class and bibliography style in paper package,Journal layout; supplied asset is not a claim of current venue-rule verification,no,embedded class/style notices inspected
Python standard library,https://docs.python.org/3/library/,Python language/stdlib APIs,Python Software Foundation License; runtime not redistributed,2026-09-15,execution tool,preinstalled local runtime,stdlib calls only,Deterministic implementation and resource accounting; no external solver/baseline code,no,local APIs used; not a benchmark comparison
Newly generated mathematical inputs,local:data/workloads; data/controls; data/certificates,exact retained JSON case identities,MIT for original artifact material to extent rights subsist,2026-09-15,generated inputs and certificates,local generators and enumeration,exact local inputs retained,All finite and scaling scientific evidence,not applicable,fully consumed by checker suites
Watermarks in Stream Processing Systems,https://www.vldb.org/pvldb/vol14/p3135-akidau.pdf,10.14778/3476311.3476389,Upstream rights retained; no redistribution license asserted; PDF not packaged,2026-09-15,scholarly paper,primary publisher PDF text,citation and original paraphrase only,Watermarks as temporal completeness signals and propagation through stream processors,no,"targeted abstract, definitions and propagation passages; not counted as full-paper calibration"
Verified Progress Tracking for Timely Dataflow,https://drops.dagstuhl.de/entities/document/10.4230/LIPIcs.ITP.2021.10,10.4230/LIPIcs.ITP.2021.10,CC BY 4.0 at publisher; no PDF repackaged,2026-09-15,scholarly paper,primary publisher page and PDF text,citation and original paraphrase only,Frontiers lower-bound timestamps that may still appear; verified local and distributed progress tracking,no,targeted abstract/introduction and frontier passages; not counted as full-paper calibration
The Hopsworks Feature Store for Machine Learning,https://dl.acm.org/doi/10.1145/3626246.3653389,10.1145/3626246.3653389,Upstream rights retained; no redistribution license asserted; PDF not packaged,2026-09-15,scholarly paper,primary publication record and paper text,citation and original paraphrase only,"Feature lifecycle, transformations, training/online use and point-in-time as-of joins",no,"targeted abstract, architecture and as-of join passages; not counted as full-paper calibration"
Optimizing Data Pipelines for Machine Learning in Feature Stores,https://www.vldb.org/pvldb/vol16/p4230-liu.pdf,10.14778/3625054.3625060,Upstream rights retained; no redistribution license asserted; PDF not packaged,2026-09-15,scholarly paper,primary publisher PDF and author metadata,citation and original paraphrase only,Optimization of point-in-time feature-store data pipelines,no,targeted abstract/introduction and contribution passages; not counted as full-paper calibration
RALF: Accuracy-Aware Scheduling for Feature Store Maintenance,https://www.vldb.org/pvldb/vol17/p563-wooders.pdf,10.14778/3632093.3632116,Upstream rights retained; no redistribution license asserted; PDF not packaged,2026-09-15,scholarly paper,primary publisher PDF and record,citation and original paraphrase only,Accuracy-aware scheduling of feature recomputation under compute trade-offs,no,targeted abstract/introduction and objective passages; not counted as full-paper calibration
Eiger,https://www.usenix.org/conference/nsdi13/technical-sessions/presentation/lloyd,USENIX NSDI 2013 pp.313-328,Upstream rights retained; no redistribution license asserted; paper not packaged,2026-09-16,scholarly paper,primary publisher or author record and targeted paper passages,citation and original paraphrase only,"Explicit dependencies, causally consistent transactions, and low-latency geo-replicated visibility",no,"targeted publisher record, abstract, introduction and transaction passages; not counted as full-paper calibration"
Orbe: Scalable Causal Consistency Using Dependency Matrices and Physical Clocks,https://doi.org/10.1145/2523616.2523628,10.1145/2523616.2523628,Upstream rights retained; no redistribution license asserted; paper not packaged,2026-09-16,scholarly paper,primary publisher or author record and targeted paper passages,citation and original paraphrase only,Dependency matrices and physical-clock summaries for scalable causal consistency,no,"targeted publisher record, abstract and mechanism passages; not counted as full-paper calibration"
Cure: Strong Semantics Meets High Availability and Low Latency,https://doi.org/10.1109/ICDCS.2016.98,10.1109/ICDCS.2016.98,Upstream rights retained; no redistribution license asserted; paper not packaged,2026-09-16,scholarly paper,primary publisher or author record and targeted paper passages,citation and original paraphrase only,Transactional causal consistency and causally consistent snapshots,no,"targeted publisher record, abstract, introduction and snapshot passages; not counted as full-paper calibration"
CausalSpartan: Causal Consistency for Distributed Data Stores Using Hybrid Logical Clocks,https://doi.org/10.1109/SRDS.2017.27,10.1109/SRDS.2017.27,Upstream rights retained; no redistribution license asserted; paper not packaged,2026-09-16,scholarly paper,primary publisher or author record and targeted paper passages,citation and original paraphrase only,Hybrid-logical-clock causal consistency and stabilization,no,"targeted publisher record, abstract and clock/stabilization passages; not counted as full-paper calibration"
PaRiS: Causally Consistent Transactions with Non-Blocking Reads and Partial Replication,https://doi.org/10.1109/ICDCS.2019.00038,10.1109/ICDCS.2019.00038,Upstream rights retained; no redistribution license asserted; paper not packaged,2026-09-16,scholarly paper,primary publisher or author record and targeted paper passages,citation and original paraphrase only,Transactional causal consistency with non-blocking reads and partial replication,no,"targeted publisher record, abstract, introduction and transaction passages; not counted as full-paper calibration"
Causal Consistency and Latency Optimality: Friend or Foe?,https://doi.org/10.14778/3236187.3236210,10.14778/3236187.3236210,Upstream rights retained; no redistribution license asserted; paper not packaged,2026-09-16,scholarly paper,primary publisher or author record and targeted paper passages,citation and original paraphrase only,Trade-offs required by latency-optimal causal reads,no,"targeted publisher PDF abstract, model and main trade-off statements; not counted as full-paper calibration"
Consistency-Based Service Level Agreements for Cloud Storage,https://doi.org/10.1145/2517349.2522731,10.1145/2517349.2522731,Upstream rights retained; no redistribution license asserted; paper not packaged,2026-09-16,scholarly paper,primary publisher or author record and targeted paper passages,citation and original paraphrase only,Consistency-based SLAs combining latency and consistency choices,no,"targeted publisher record, abstract, introduction and SLA passages; not counted as full-paper calibration"
FlightTracker: Consistency across Read-Optimized Online Stores at Facebook,https://www.usenix.org/conference/osdi20/presentation/shi,USENIX OSDI 2020 pp.407-423,Upstream rights retained; no redistribution license asserted; paper not packaged,2026-09-16,scholarly paper,primary publisher or author record and targeted paper passages,citation and original paraphrase only,Write tickets and cross-store completeness/consistency for read-optimized stores,no,"targeted publisher record, abstract, introduction and write-ticket passages; not counted as full-paper calibration"
Logical Physical Clocks,https://doi.org/10.1007/978-3-319-14472-6_2,10.1007/978-3-319-14472-6_2,Upstream rights retained; no redistribution license asserted; paper not packaged,2026-09-16,scholarly paper,primary publisher or author record and targeted paper passages,citation and original paraphrase only,Hybrid logical/physical timestamps preserving causality while tracking physical time,no,"targeted publisher record, abstract and clock-definition passages; not counted as full-paper calibration"
The Dataflow Model,https://www.vldb.org/pvldb/vol8/p1792-Akidau.pdf,10.14778/2824032.2824076,Upstream rights retained; no redistribution license asserted; paper not packaged,2026-09-16,scholarly paper,primary publisher or author record and targeted paper passages,citation and original paraphrase only,"Event time, processing time, watermarks, and correctness/latency/cost trade-offs",no,"targeted publisher PDF abstract, introduction and time-domain passages; not counted as full-paper calibration"
Naiad: A Timely Dataflow System,https://doi.org/10.1145/2517349.2522738,10.1145/2517349.2522738,Upstream rights retained; no redistribution license asserted; paper not packaged,2026-09-16,scholarly paper,primary publisher or author record and targeted paper passages,citation and original paraphrase only,Logical timestamps and progress tracking in timely dataflow,no,"targeted publisher record, abstract, introduction and progress passages; not counted as full-paper calibration"
Query Fresh: Log Shipping on Steroids,https://doi.org/10.1145/3164135.3164137,10.1145/3164135.3164137,Upstream rights retained; no redistribution license asserted; paper not packaged,2026-09-16,scholarly paper,primary publisher or author record and targeted paper passages,citation and original paraphrase only,Fresh analytical replicas through log shipping and in-memory indexing,no,"targeted publisher PDF abstract, introduction and freshness mechanism passages; not counted as full-paper calibration"
