id,paper,primary_url,read_scope,calibration_groups,main_sections,references,motivating_problem,general_principle,proof_or_performance_argument,practical_connection,evaluation_breadth,artifact_strength,narrative_sequence,figure_table_roles
cops,COPS,https://www.cs.princeton.edu/~wlloyd/papers/cops-sosp11.pdf,full main paper and appendix,adjacent;influential,8,53,Wide-area causal visibility,Dependency checks and nearest-dependency compression,Causal+ argument; COPS-GT two-round reads,Geo-replicated key-value operations,Workload and visibility experiments; platform results not reproduced here,Implementation described; not executed,"Problem, model, design, implementation, evaluation, alternatives",Dependency/transaction diagrams and performance curves
gentlerain,GentleRain,https://infoscience.epfl.ch/server/api/core/bitstreams/444555d0-b7e4-4a0e-8bfd-c272efdad136/content,full 13-page paper,adjacent;influential,8,29,Metadata overhead in causal storage,Physical timestamps and scalar stable time,Timestamp and stabilization invariants,Partitioned geo-replicated reads,EC2 workload and stable-time sensitivity,Implementation described; not executed,"Motivation, trade-off, protocol, proof, evaluation",Stabilization diagrams and visibility/performance curves
skybridge,Skybridge,https://www.usenix.org/system/files/osdi25-lyerly.pdf,full 18-page paper plus publisher cover,adjacent,8,68,Old reads in a distributed cache,Gap-aware metadata replication and sealed writer windows,Completeness conditions plus observed staleness,TAO read path and failure policy,"Production traffic, freshness, footprint and failure analysis",Production system described; no execution here,"Read-path problem, index, writer completeness, implementation, measurements",Read-path/window/lease diagrams; latency and freshness plots
slicing,Solving Computation Slicing Using Predicate Detection,https://personal.utdallas.edu/~neerajm/publications/journals/equivalence.pdf,full 14-page main article; separate omitted-proof appendix not retrieved,TPDS,6,26,State-space search for distributed predicates,Predicate-specific slice construction,Equivalence and amortized online algorithms,Debugging and fault-state detection,Formal complexity analysis; examples rather than a new benchmark campaign,Pseudocode; not executed,"Example, graph model, slice representation, equivalence, incremental algorithms","Cut lattices, running traces and algorithm boxes"
retroscope,Retroscope: Retrospective Monitoring of Distributed Systems,https://www.cse.msu.edu/~sandeep/publications/retroscope/main.pdf,full 12-page author manuscript; journal metadata separately verified,TPDS,9,44,Queries over past distributed global states,HLC-aligned logging and rolling snapshots,Clock consistency argument and scalable query evaluation,ZooKeeper and Chord case studies,Synthetic query scaling and case studies,Public implementation cited; not executed,"Clock limitation, snapshots, architecture, query language, cases, measurements, limits",18 figures: clock/architecture examples and performance; one comparison table
approxtrack,Value the Recent Past: Approximate Causal Consistency for Partially Replicated Systems,https://www.cs.uic.edu/~ajayk/ext/TPDS-Jan2018.pdf,full 14-page journal article,TPDS,9,30,Causal metadata in partial replication,Credit-based forgetting of old dependencies,Optimal activation arguments; approximate variant permits violations,Partially replicated updates,Hop-credit simulation; three repeats; TTL and distance are proposed not simulated,Simulator described; not executed,"Model, exact protocol, credit variant, simulation, failures","12 figures and seven tables: protocol, costs, violations"
specs,A Generic Specification Framework for Weakly Consistent Replicated Data Types,https://hengxin.github.io/papers/2025-TPDS-Specs.pdf,full 16-page journal article,TPDS,11,35,Convergence and return-value-awareness gaps,Partial arbitration and selective return-value context,"Model inclusions, separating histories and protocol proofs",MongoDB failure-free protocol; GSP; RA-linearizability,Three formal case studies; no performance campaign,Pseudocode; Alloy implementation stated as future work,"Counterexamples, definitions, model variants, cases, related work",Nine history/order diagrams; four notation/model tables
pab,Achieving Probabilistic Atomicity With Well-Bounded Staleness and Low Read Latency in Distributed Datastores,https://hengxin.github.io/papers/2021-TPDS-ASC.pdf,full 15-page main article; separate proof supplement not retrieved,TPDS,6,68,One-round reads with multi-writer registers,Two-round writes and inversion-pattern analysis,Version-staleness bound plus probabilistic queueing analysis,Instrumented Cassandra and YCSB,Single-host replicated-system experiments with injected delays; ten repeats,Implementation and traces linked by article; not executed,"Motivation, quorum schema, theory, experiments, related work",Nine diagrams/plots; three parameter/result tables
vpc,Verifying Pipelined-RAM Consistency over Read/Write Traces of Data Replicas,https://hengxin.github.io/papers/2016-TPDS-VPC.pdf,full 13-page journal article,TPDS,7,25,Trace consistency with duplicate values,Legal per-process views and closure,NP-completeness; unique-write polynomial algorithm,Replica trace validation,Random and valid traces; 2–20 processes; up to 60000 operations,Algorithms described; not executed,"Model, hardness, restricted algorithm, evaluation",Nine graph/trace/algorithm figures; two tables
weak,Detection of Weak Unstable Predicates in Distributed Programs,https://users.ece.utexas.edu/~garg/dist/tpds94-weak.pdf,full nine-page author manuscript,TPDS,7,25,Existential conjunction over global states,Pairwise incomparable local states,Correctness and matching comparison lower bound,Distributed debugging,Formal analysis; debugger implementation description,Pseudocode and implementation; not executed,"Predicates, model, algorithm, analysis, implementation",Four trace and algorithm figures
strong,Detection of Strong Unstable Predicates in Distributed Programs,https://users.ece.utexas.edu/~garg/dist/tpds96.pdf,full 20-page author manuscript,TPDS,7,24,Predicates true in every linearization,Causal linkage and interval overlap,Necessary and sufficient interval conditions,Distributed debugging,Analytic bounds and implementation architecture,Pseudocode; no quantitative campaign reproduced,"Examples, linkage, conjunctions, algorithms, implementation",Eight trace and architecture figures
repeated,Repeated Computation of Global Functions in a Distributed Environment,https://users.ece.utexas.edu/~garg/dist/tpds94-repeated.pdf,full 13-page author manuscript; section VII numbering duplicated,TPDS,8,21,Repeated global aggregation cost,Revolving primitives and reuse,Message and time bounds with topology assumptions,Branch-and-bound and fixed-point computation,"Analytic application examples, not deployment measurements",Pseudocode; not executed,"Primitive, composition, bounds, generalization, applications",Seven scheduling and algorithm diagrams
revc,Resettable Encoded Vector Clock for Causality Analysis With an Application to Dynamic Race Detection,https://www.cs.uic.edu/~ajayk/ext/TPDS2021-REVC.pdf,full 14-page journal article,TPDS,7,38,Unbounded encoded-clock growth,"Resets, frames and differential merge",Clock invariants under retained-history contract,Java race detection,13 applications; ten repetitions and two warm-ups; failures included,Implementation described; not executed,"Encoding, resets, algorithms, detector, evaluation",Three plots/diagrams; seven algorithms; one table
hierarchical,Hierarchical Detection of Strong Unstable Conjunctive Predicates in Large-Scale Systems,https://www.cs.uic.edu/~ajayk/ext/TPDS2015a.pdf,full ten-page main article; separate complexity supplement not read,TPDS,5,24,Repeated hierarchical predicate detection,Interval aggregation and safe removal,Correctness and analytic complexity comparison,Large-system monitoring with prebuilt hierarchy,"Analytic evaluation, no measured deployment",Pseudocode; not executed,"Model, hierarchy algorithm, proof, complexity",Six interval/tree figures; one table; two algorithms
snapshots,Fast and Message-Efficient Global Snapshot Algorithms for Large-Scale Distributed Systems,https://www.cs.uic.edu/~ajayk/ext/tpds2010.pdf,full nine-page author proof; final issue metadata separately verified,TPDS,5,67,Snapshot message and response costs,Tree and hypercube aggregation,Safety and analytic bounds; stronger optimality conjectured,Distributed state collection,Analytic comparison; non-FIFO model; prebuilt topology,Pseudocode; not executed,"Snapshot basics, constructions, comparison, conclusion",One algorithm figure and one comparison table
pbs,Probabilistically Bounded Staleness for Practical Partial Quorums,https://www.bailis.org/papers/pbs-vldb2012.pdf,full 12-page article,adjacent;influential,8,67,Latency versus expected staleness,Quorum probabilities and WARS latency model,Analytic and Monte Carlo predictions,Partial-quorum datastores,Cassandra injected delays and production latency summaries; independence assumptions,Code linked; not executed,"Model, probability, latency model, validation, implications",Seven plots and four tables
spanner,Spanner: Google's Globally-Distributed Database,https://www.usenix.org/system/files/conference/osdi12/osdi12-final-16.pdf,full 14-page paper including appendix,adjacent;influential,8,42,Globally distributed consistent transactions,Explicit clock uncertainty and commit wait,Ordering proof and safe-time invariants,Database transactions and F1,"Microbenchmarks, availability, clock data, production case",System described; not executed,"Structure, time API, concurrency, measurements, related work",Six figures and six tables
lamport,"Time, Clocks, and the Ordering of Events in a Distributed System",https://lamport.azurewebsites.net/pubs/time-clocks.pdf,full eight-page paper including appendix; unrelated adjacent article excluded,influential,7,4,Order without a shared clock,Happened-before and clock conditions,Order construction and physical-clock bound,Mutual exclusion and state machines,"Mathematical analysis, not performance experiments",Algorithms and proof; not executed,"Partial order, logical clocks, total order, anomaly, physical clocks",Three spacetime diagrams
watermarks,Watermarks in Stream Processing Systems,https://www.vldb.org/pvldb/vol14/p3135-akidau.pdf,"targeted abstract, definitions and propagation passages; not full-paper calibration",targeted-close-work,not counted,not counted,Event-time completeness under out-of-order processing,Watermarks summarize a lower bound on future event times,Semantic comparison across stream processors,Streaming windows and late data,Flink and Google Cloud Dataflow comparison,Systems semantics; not executed,"Semantics, implementations, comparative analysis",Watermark behavior and system comparison
timelyprogress,Verified Progress Tracking for Timely Dataflow,https://drops.dagstuhl.de/entities/document/10.4230/LIPIcs.ITP.2021.10,targeted abstract/introduction and frontier passages; not full-paper calibration,targeted-close-work,not counted,not counted,Safe distributed progress tracking,Frontiers bound timestamps that may still occur,Machine-verified local/distributed tracker safety,Timely Dataflow operator progress,Formal development rather than workload evaluation,Formalization described; not executed,"Progress model, tracker algorithms, verification",Progress/frontier examples
hopsworks,The Hopsworks Feature Store for Machine Learning,https://dl.acm.org/doi/10.1145/3626246.3653389,"targeted abstract, architecture and as-of join passages; not full-paper calibration",targeted-close-work,not counted,not counted,Feature lifecycle across training and serving,"Managed transformations, lineage and point-in-time joins",System architecture and performance evaluation,Production feature storage and retrieval,Feature-store workloads and deployments,System described; not executed,"Requirements, architecture, operations, evaluation",Architecture and system measurements
featurepipelines,Optimizing Data Pipelines for Machine Learning in Feature Stores,https://www.vldb.org/pvldb/vol16/p4230-liu.pdf,targeted abstract/introduction and contribution passages; not full-paper calibration,targeted-close-work,not counted,not counted,Expensive point-in-time feature computation,Optimize feature pipeline execution,Plan transformations and measured speedups,Training-data generation in feature stores,Pipeline benchmarks,System techniques; not executed,"Problem, optimizer, implementation, evaluation",Plans and performance plots
ralf,RALF: Accuracy-Aware Scheduling for Feature Store Maintenance,https://www.vldb.org/pvldb/vol17/p563-wooders.pdf,targeted abstract/introduction and objective passages; not full-paper calibration,targeted-close-work,not counted,not counted,Schedule feature recomputation under limited compute,Use downstream accuracy feedback to prioritize updates,Scheduling objective and system evaluation,Feature maintenance,Generated and application workloads in source paper,System described; not executed,"Motivation, interface, scheduler, evaluation",Architecture and accuracy/compute curves
eiger,Eiger,https://www.usenix.org/conference/nsdi13/technical-sessions/presentation/lloyd,"targeted publisher record, abstract, introduction and transaction passages; not counted as full-paper calibration",targeted-close-work,not counted for calibration,not counted for calibration,Explicit dependencies and low-latency causal transactions,Dependency checks plus read-only transaction protocol,Causal visibility argument and protocol path,Geo-replicated key-value store,Targeted paper passages; evaluation not recalibrated,Implementation described; not executed,"Motivation, protocol delta, transactions, evaluation",Protocol path and latency/throughput figures
orbe,Orbe,https://doi.org/10.1145/2523616.2523628,"targeted publisher record, abstract and mechanism passages; not counted as full-paper calibration",targeted-close-work,not counted for calibration,not counted for calibration,Metadata cost of scalable causal consistency,Dependency matrices plus physical clocks,Protocol invariants and stabilization,Geo-replicated partial replication,Targeted paper passages; evaluation not recalibrated,Implementation described; not executed,"Problem, metadata design, protocol, evaluation",Dependency matrix and performance figures
cure,Cure,https://doi.org/10.1109/ICDCS.2016.98,"targeted publisher record, abstract, introduction and snapshot passages; not counted as full-paper calibration",targeted-close-work,not counted for calibration,not counted for calibration,Combining strong transactional semantics with availability,Transactional causal snapshots,Snapshot and transaction arguments,Geo-replicated transactional store,Targeted paper passages; evaluation not recalibrated,Implementation described; not executed,"Motivation, model, protocol, correctness, evaluation",Snapshot/protocol diagrams and performance plots
causalspartan,CausalSpartan,https://doi.org/10.1109/SRDS.2017.27,"targeted publisher record, abstract and clock/stabilization passages; not counted as full-paper calibration",targeted-close-work,not counted for calibration,not counted for calibration,Physical-clock assumptions in causal stores,Hybrid logical clocks for causal stabilization,Timestamp and stabilization invariants,Distributed key-value store,Targeted paper passages; evaluation not recalibrated,Implementation described; not executed,"Problem, clock mechanism, protocol, evaluation",Clock/protocol diagrams and measurements
paris,PaRiS,https://doi.org/10.1109/ICDCS.2019.00038,"targeted publisher record, abstract, introduction and transaction passages; not counted as full-paper calibration",targeted-close-work,not counted for calibration,not counted for calibration,Non-blocking causal transactions under partial replication,Transactional causal snapshots and metadata partitioning,Transaction visibility argument,Partially replicated geo-store,Targeted paper passages; evaluation not recalibrated,Implementation described; not executed,"Problem, design, transactions, evaluation",Architecture/protocol diagrams and performance plots
causallatency,Causal latency optimality,https://doi.org/10.14778/3236187.3236210,"targeted publisher PDF abstract, model and main trade-off statements; not counted as full-paper calibration",targeted-close-work,not counted for calibration,not counted for calibration,Costs of latency-optimal causal reads,Formal latency-optimality conditions,Lower-bound/trade-off arguments,Causally consistent storage protocols,Targeted theorem/model passages; evaluation not recalibrated,Proof-oriented; not executed,"Motivation, definitions, lower bounds, implications",Trade-off tables and execution diagrams
pileus,Pileus,https://doi.org/10.1145/2517349.2522731,"targeted publisher record, abstract, introduction and SLA passages; not counted as full-paper calibration",targeted-close-work,not counted for calibration,not counted for calibration,Application-specific consistency/latency objectives,Consistency-based service-level agreements,Policy and system argument,Cloud storage client policies,Targeted paper passages; evaluation not recalibrated,Implementation described; not executed,"SLA motivation, system, policies, evaluation",SLA trade-off and performance plots
flighttracker,FlightTracker,https://www.usenix.org/conference/osdi20/presentation/shi,"targeted publisher record, abstract, introduction and write-ticket passages; not counted as full-paper calibration",targeted-close-work,not counted for calibration,not counted for calibration,Cross-store consistency in read-optimized services,Write tickets and dependency tracking,Ticket safety/completeness reasoning,Facebook read-optimized stores,Targeted paper passages; evaluation not recalibrated,Production system described; not executed,"Problem, ticket design, deployment, evaluation",Write-path diagrams and production measurements
hlc,Logical Physical Clocks,https://doi.org/10.1007/978-3-319-14472-6_2,"targeted publisher record, abstract and clock-definition passages; not counted as full-paper calibration",targeted-close-work,not counted for calibration,not counted for calibration,Combining causal order with near-physical timestamps,Hybrid logical/physical clock construction,Clock-order invariants,Timestamping layer for distributed systems,Targeted definition/proof passages; evaluation not recalibrated,Reference algorithms described; not executed,"Motivation, clock definition, properties, applications",Clock examples and algorithm listings
dataflow,The Dataflow Model,https://www.vldb.org/pvldb/vol8/p1792-Akidau.pdf,"targeted publisher PDF abstract, introduction and time-domain passages; not counted as full-paper calibration",targeted-close-work,not counted for calibration,not counted for calibration,Correctness and latency in unbounded out-of-order processing,"Event time, processing time, windows and watermarks",Semantic framework and system experience,Streaming data processing,Targeted semantic passages; evaluation not recalibrated,Production model described; not executed,"Problem, model, triggers/watermarks, experience",Time-domain diagrams and result plots
naiad,Naiad,https://doi.org/10.1145/2517349.2522738,"targeted publisher record, abstract, introduction and progress passages; not counted as full-paper calibration",targeted-close-work,not counted for calibration,not counted for calibration,Low-latency iterative and incremental dataflow,Logical timestamps and progress tracking,Progress/frontier argument,Distributed dataflow engine,Targeted paper passages; evaluation not recalibrated,Implementation described; not executed,"Motivation, model, implementation, evaluation",Dataflow/progress diagrams and performance plots
queryfresh,Query Fresh,https://doi.org/10.1145/3164135.3164137,"targeted publisher PDF abstract, introduction and freshness mechanism passages; not counted as full-paper calibration",targeted-close-work,not counted for calibration,not counted for calibration,Fresh analytical queries over replicated data,Log shipping plus in-memory indexing,Freshness/performance system argument,Read-optimized analytical replicas,Targeted paper passages; evaluation not recalibrated,Implementation described; not executed,"Problem, design, implementation, evaluation",Architecture and freshness/performance plots
