bib_key,cited_in_main,entry_type,title,authors,year,venue,pages,stable_identifier,primary_record,verification_scope,access_date,status
approxtrack,yes,article,Value the Recent Past: Approximate Causal Consistency for Partially Replicated Systems,Ta-Yuan Hsu and Ajay D. Kshemkalyani,2018,IEEE Trans. Parallel Distrib. Syst.,212--225,10.1109/TPDS.2017.2740174,https://www.cs.uic.edu/~ajayk/ext/TPDS-Jan2018.pdf,full 14-page journal article,2026-09-15,verified against retained primary-source record; no metadata-only entry is presented as a fully read paper
causallatency,yes,article,Causal Consistency and Latency Optimality: Friend or Foe?,Diego Didona and Rachid Guerraoui and Jingjing Wang and Willy Zwaenepoel,2018,Proc. VLDB Endow.,1618--1632,10.14778/3236187.3236210,https://doi.org/10.14778/3236187.3236210,"targeted publisher PDF abstract, model and main trade-off statements; not counted as full-paper calibration",2026-09-16,verified against retained primary-source record; no metadata-only entry is presented as a fully read paper
causalspartan,yes,inproceedings,{CausalSpartan}: Causal Consistency for Distributed Data Stores Using Hybrid Logical Clocks,Mohammad Roohitavaf and Murat Demirbas and Sandeep S. Kulkarni,2017,Proc. IEEE SRDS,184--193,10.1109/SRDS.2017.27,https://doi.org/10.1109/SRDS.2017.27,"targeted publisher record, abstract and clock/stabilization passages; not counted as full-paper calibration",2026-09-16,verified against retained primary-source record; no metadata-only entry is presented as a fully read paper
chvatal,yes,article,A Greedy Heuristic for the Set-Covering Problem,V. Chv{\'a}tal,1979,Mathematics of Operations Research,233--235,10.1287/moor.4.3.233,https://pubsonline.informs.org/doi/10.1287/moor.4.3.233,primary publisher abstract and metadata; not full-paper calibration,2026-09-15,verified against retained primary-source record; no metadata-only entry is presented as a fully read paper
cops,yes,inproceedings,Don't Settle for Eventual: Scalable Causal Consistency for Wide-Area Storage with {COPS},Wyatt Lloyd and Michael J. Freedman and Michael Kaminsky and David G. Andersen,2011,Proc. ACM SOSP,401--416,10.1145/2043556.2043593,https://www.cs.princeton.edu/~wlloyd/papers/cops-sosp11.pdf,full main paper and appendix,2026-09-15,verified against retained primary-source record; no metadata-only entry is presented as a fully read paper
cure,yes,inproceedings,{Cure}: Strong Semantics Meets High Availability and Low Latency,Deepthi Devaki Akkoorath and Alejandro Z. Tomsic and Manuel Bravo and Zhongmiao Li and Tyler Crain and Annette Bieniusa and Nuno Pregui{\c c}a and Marc Shapiro,2016,Proc. IEEE ICDCS,405--414,10.1109/ICDCS.2016.98,https://doi.org/10.1109/ICDCS.2016.98,"targeted publisher record, abstract, introduction and snapshot passages; not counted as full-paper calibration",2026-09-16,verified against retained primary-source record; no metadata-only entry is presented as a fully read paper
dataflow,yes,article,"The Dataflow Model: A Practical Approach to Balancing Correctness, Latency, and Cost in Massive-Scale, Unbounded, Out-of-Order Data Processing",Tyler Akidau and Robert Bradshaw and Craig Chambers and Slava Chernyak and Rafael J. Fern{\'a}ndez-Moctezuma and Reuven Lax and Sam McVeety and Daniel Mills and Frances Perry and Eric Schmidt and Sam Whittle,2015,Proc. VLDB Endow.,1792--1803,10.14778/2824032.2824076,https://www.vldb.org/pvldb/vol8/p1792-Akidau.pdf,"targeted publisher PDF abstract, introduction and time-domain passages; not counted as full-paper calibration",2026-09-16,verified against retained primary-source record; no metadata-only entry is presented as a fully read paper
depot,yes,article,{Depot}: Cloud Storage with Minimal Trust,Prince Mahajan and Srinath Setty and Sangmin Lee and Allen Clement and Lorenzo Alvisi and Mike Dahlin and Michael Walfish,2011,ACM Trans. Comput. Syst.,12:1--12:38,"TOCS 29(4), Article 12, 2011",https://www.cs.utexas.edu/depot/depot-tocs11.pdf,"targeted intro, metadata and Section 6.4; not counted as fully read",2026-09-15,verified against retained primary-source record; no metadata-only entry is presented as a fully read paper
eiger,yes,inproceedings,Stronger Semantics for Low-Latency Geo-Replicated Storage,Wyatt Lloyd and Michael J. Freedman and Michael Kaminsky and David G. Andersen,2013,Proc. USENIX NSDI,313--328,USENIX NSDI 2013 pp.313-328,https://www.usenix.org/conference/nsdi13/technical-sessions/presentation/lloyd,"targeted publisher record, abstract, introduction and transaction passages; not counted as full-paper calibration",2026-09-16,verified against retained primary-source record; no metadata-only entry is presented as a fully read paper
featurepipelines,yes,article,Optimizing Data Pipelines for Machine Learning in Feature Stores,Rui Liu and Kwanghyun Park and Fotis Psallidas and Xiaoyong Zhu and Jinghui Mo and Rathijit Sen and Matteo Interlandi and Konstantinos Karanasos and Yuanyuan Tian and Jes{\'u}s Camacho-Rodr{\'i}guez,2023,Proc. VLDB Endow.,4230--4239,10.14778/3625054.3625060,https://www.vldb.org/pvldb/vol16/p4230-liu.pdf,targeted abstract/introduction and contribution passages; not counted as full-paper calibration,2026-09-15,verified against retained primary-source record; no metadata-only entry is presented as a fully read paper
flighttracker,yes,inproceedings,{FlightTracker}: Consistency across Read-Optimized Online Stores at Facebook,Xiao Shi and Scott Pruett and Kevin Doherty and Jinyu Han and Dmitri Petrov and Jim Carrig and John Hugg and Nathan Bronson,2020,Proc. USENIX OSDI,407--423,USENIX OSDI 2020 pp.407-423,https://www.usenix.org/conference/osdi20/presentation/shi,"targeted publisher record, abstract, introduction and write-ticket passages; not counted as full-paper calibration",2026-09-16,verified against retained primary-source record; no metadata-only entry is presented as a fully read paper
gentlerain,yes,inproceedings,{GentleRain}: Cheap and Scalable Causal Consistency with Physical Clocks,Jiaqing Du and C{\u a}lin Iorgulescu and Amitabha Roy and Willy Zwaenepoel,2014,Proc. ACM SoCC,,10.1145/2670979.2670983,https://infoscience.epfl.ch/server/api/core/bitstreams/444555d0-b7e4-4a0e-8bfd-c272efdad136/content,full 13-page paper,2026-09-15,verified against retained primary-source record; no metadata-only entry is presented as a fully read paper
hlc,yes,inproceedings,Logical Physical Clocks,Sandeep S. Kulkarni and Murat Demirbas and Deepak Madappa and Bharadwaj Avva and Marcelo Leone,2014,Proc. OPODIS,17--32,10.1007/978-3-319-14472-6_2,https://doi.org/10.1007/978-3-319-14472-6_2,"targeted publisher record, abstract and clock-definition passages; not counted as full-paper calibration",2026-09-16,verified against retained primary-source record; no metadata-only entry is presented as a fully read paper
hopsworks,yes,inproceedings,The Hopsworks Feature Store for Machine Learning,"Javier de la R{\'u}a Mart{\'i}nez and Fabio Buso and Antonios Kouzoupis and Alexandru A. Ormenisan and Salman Niazi and Davit Bzhalava and Kenneth Mak and Victor Jouffrey and Mikael Ronstr{\""o}m and Raymond Cunningham and Ralfs Zangis and Dhananjay Mukhedkar and Ayushman Khazanchi and Vladimir Vlassov and Jim Dowling",2024,Companion Proc. ACM SIGMOD,135--147,10.1145/3626246.3653389,https://dl.acm.org/doi/10.1145/3626246.3653389,"targeted abstract, architecture and as-of join passages; not counted as full-paper calibration",2026-09-15,verified against retained primary-source record; no metadata-only entry is presented as a fully read paper
ks,yes,article,Necessary and Sufficient Conditions on Information for Causal Message Ordering and Their Optimal Implementation,Ajay D. Kshemkalyani and Mukesh Singhal,1998,Distributed Computing,91--111,10.1007/s004460050044,https://www.cs.uic.edu/~ajayk/ext/80110091.pdf,targeted introduction and central optimal-information statements; not full-paper calibration,2026-09-15,verified against retained primary-source record; no metadata-only entry is presented as a fully read paper
lamport,yes,article,"Time, Clocks, and the Ordering of Events in a Distributed System",Leslie Lamport,1978,Commun. ACM,558--565,10.1145/359545.359563,https://lamport.azurewebsites.net/pubs/time-clocks.pdf,full eight-page paper including appendix; unrelated adjacent article excluded,2026-09-15,verified against retained primary-source record; no metadata-only entry is presented as a fully read paper
naiad,yes,inproceedings,{Naiad}: A Timely Dataflow System,Derek G. Murray and Frank McSherry and Rebecca Isaacs and Michael Isard and Paul Barham and Mart{\'i}n Abadi,2013,Proc. ACM SOSP,439--455,10.1145/2517349.2522738,https://doi.org/10.1145/2517349.2522738,"targeted publisher record, abstract, introduction and progress passages; not counted as full-paper calibration",2026-09-16,verified against retained primary-source record; no metadata-only entry is presented as a fully read paper
ncc,yes,inproceedings,{NCC}: Natural Concurrency Control for Strictly Serializable Datastores by Avoiding the Timestamp-Inversion Pitfall,Haonan Lu and Shuai Mu and Siddhartha Sen and Wyatt Lloyd,2023,Proc. USENIX OSDI,305--324,USENIX OSDI 2023 pp.305-324,https://www.cs.princeton.edu/~wlloyd/papers/ncc-osdi23.pdf,"targeted abstract, introduction and model/design; not full-paper calibration",2026-09-15,verified against retained primary-source record; no metadata-only entry is presented as a fully read paper
orbe,yes,inproceedings,{Orbe}: Scalable Causal Consistency Using Dependency Matrices and Physical Clocks,Jiaqing Du and Sameh Elnikety and Amitabha Roy and Willy Zwaenepoel,2013,Proc. ACM SoCC,11:1--11:14,10.1145/2523616.2523628,https://doi.org/10.1145/2523616.2523628,"targeted publisher record, abstract and mechanism passages; not counted as full-paper calibration",2026-09-16,verified against retained primary-source record; no metadata-only entry is presented as a fully read paper
pab,yes,article,Achieving Probabilistic Atomicity With Well-Bounded Staleness and Low Read Latency in Distributed Datastores,Lingzhi Ouyang and Yu Huang and Hengfeng Wei and Jian Lu,2021,IEEE Trans. Parallel Distrib. Syst.,815--829,10.1109/TPDS.2020.3034328,https://hengxin.github.io/papers/2021-TPDS-ASC.pdf,full 15-page main article; separate proof supplement not retrieved,2026-09-15,verified against retained primary-source record; no metadata-only entry is presented as a fully read paper
paris,yes,inproceedings,{PaRiS}: Causally Consistent Transactions with Non-Blocking Reads and Partial Replication,Kristina Spirovska and Diego Didona and Willy Zwaenepoel,2019,Proc. IEEE ICDCS,304--316,10.1109/ICDCS.2019.00038,https://doi.org/10.1109/ICDCS.2019.00038,"targeted publisher record, abstract, introduction and transaction passages; not counted as full-paper calibration",2026-09-16,verified against retained primary-source record; no metadata-only entry is presented as a fully read paper
pbs,yes,article,Probabilistically Bounded Staleness for Practical Partial Quorums,Peter Bailis and Shivaram Venkataraman and Michael J. Franklin and Joseph M. Hellerstein and Ion Stoica,2012,Proc. VLDB Endow.,776--787,"PVLDB 5(8):776-787, 2012",https://www.bailis.org/papers/pbs-vldb2012.pdf,full 12-page article,2026-09-15,verified against retained primary-source record; no metadata-only entry is presented as a fully read paper
pileus,yes,inproceedings,Consistency-Based Service Level Agreements for Cloud Storage,Douglas B. Terry and Vijayan Prabhakaran and Ramakrishna Kotla and Mahesh Balakrishnan and Marcos K. Aguilera and Hussam Abu-Libdeh,2013,Proc. ACM SOSP,309--324,10.1145/2517349.2522731,https://doi.org/10.1145/2517349.2522731,"targeted publisher record, abstract, introduction and SLA passages; not counted as full-paper calibration",2026-09-16,verified against retained primary-source record; no metadata-only entry is presented as a fully read paper
queryfresh,yes,article,Query Fresh: Log Shipping on Steroids,Tianzheng Wang and Ryan Johnson and Ippokratis Pandis,2017,Proc. VLDB Endow.,406--419,10.1145/3164135.3164137,https://doi.org/10.1145/3164135.3164137,"targeted publisher PDF abstract, introduction and freshness mechanism passages; not counted as full-paper calibration",2026-09-16,verified against retained primary-source record; no metadata-only entry is presented as a fully read paper
ralf,yes,article,{RALF}: Accuracy-Aware Scheduling for Feature Store Maintenance,Sarah Wooders and Xiangxi Mo and Amit Narang and Kevin Lin and Ion Stoica and Joseph M. Hellerstein and Natacha Crooks and Joseph E. Gonzalez,2023,Proc. VLDB Endow.,563--576,10.14778/3632093.3632116,https://www.vldb.org/pvldb/vol17/p563-wooders.pdf,targeted abstract/introduction and objective passages; not counted as full-paper calibration,2026-09-15,verified against retained primary-source record; no metadata-only entry is presented as a fully read paper
retroscope,yes,article,{Retroscope}: Retrospective Monitoring of Distributed Systems,Aleksey Charapko and Ailidani Ailijiang and Murat Demirbas and Sandeep S. Kulkarni,2019,IEEE Trans. Parallel Distrib. Syst.,2582--2594,10.1109/TPDS.2019.2911944,https://www.cse.msu.edu/~sandeep/publications/retroscope/main.pdf,full 12-page author manuscript; journal metadata separately verified,2026-09-15,verified against retained primary-source record; no metadata-only entry is presented as a fully read paper
skybridge,yes,inproceedings,{Skybridge}: Bounded Staleness for Distributed Caches,Robert Lyerly and Scott Pruett and Kevin Doherty and Greg Rogers and Nathan Bronson and John Hugg,2025,Proc. USENIX OSDI,187--204,USENIX OSDI 2025 pp.187-204,https://www.usenix.org/system/files/osdi25-lyerly.pdf,full 18-page paper plus publisher cover,2026-09-15,verified against retained primary-source record; no metadata-only entry is presented as a fully read paper
slicing,yes,article,Solving Computation Slicing Using Predicate Detection,Neeraj Mittal and Alper Sen and Vijay K. Garg,2007,IEEE Trans. Parallel Distrib. Syst.,1700--1713,10.1109/TPDS.2007.1077,https://personal.utdallas.edu/~neerajm/publications/journals/equivalence.pdf,full 14-page main article; separate omitted-proof appendix not retrieved,2026-09-15,verified against retained primary-source record; no metadata-only entry is presented as a fully read paper
spanner,yes,inproceedings,{Spanner}: {Google}'s Globally-Distributed Database,James C. Corbett and others,2012,Proc. USENIX OSDI,251--264,USENIX OSDI 2012 pp.251-264,https://www.usenix.org/system/files/conference/osdi12/osdi12-final-16.pdf,full 14-page paper including appendix,2026-09-15,verified against retained primary-source record; no metadata-only entry is presented as a fully read paper
specs,yes,article,A Generic Specification Framework for Weakly Consistent Replicated Data Types,Xue Jiang and Hengfeng Wei and Yu Huang and Yuxing Chen and Anqun Pan,2025,IEEE Trans. Parallel Distrib. Syst.,1338--1353,10.1109/TPDS.2025.3533546,https://hengxin.github.io/papers/2025-TPDS-Specs.pdf,full 16-page journal article,2026-09-15,verified against retained primary-source record; no metadata-only entry is presented as a fully read paper
strong,yes,article,Detection of Strong Unstable Predicates in Distributed Programs,Vijay K. Garg and Brian Waldecker,1996,IEEE Trans. Parallel Distrib. Syst.,1323--1333,"TPDS 7(12):1323-1333, 1996",https://users.ece.utexas.edu/~garg/dist/tpds96.pdf,full 20-page author manuscript,2026-09-15,verified against retained primary-source record; no metadata-only entry is presented as a fully read paper
timed,yes,inproceedings,Timed Consistency for Shared Distributed Objects,Francisco J. Torres-Rojas and Mustaque Ahamad and Michel Raynal,1999,Proc. ACM PODC,163--172,10.1145/301308.301350,https://orion.tec.ac.cr/en/publications/timed-consistency-for-shared-distributed-objects/,primary institutional abstract and bibliographic record; full paper not retrieved,2026-09-15,verified against retained primary-source record; no metadata-only entry is presented as a fully read paper
timelyprogress,yes,inproceedings,Verified Progress Tracking for Timely Dataflow,Matthias Brun and S{\'a}ra Decova and Andrea Lattuada and Dmitriy Traytel,2021,Proc. ITP,10:1--10:20,10.4230/LIPIcs.ITP.2021.10,https://drops.dagstuhl.de/entities/document/10.4230/LIPIcs.ITP.2021.10,targeted abstract/introduction and frontier passages; not counted as full-paper calibration,2026-09-15,verified against retained primary-source record; no metadata-only entry is presented as a fully read paper
vpc,yes,article,Verifying Pipelined-{RAM} Consistency over Read/Write Traces of Data Replicas,"Hengfeng Wei and {De Biasi}, Marzio and Yu Huang and Jiannong Cao and Jian Lu",2016,IEEE Trans. Parallel Distrib. Syst.,1511--1523,10.1109/TPDS.2015.2453985,https://hengxin.github.io/papers/2016-TPDS-VPC.pdf,full 13-page journal article,2026-09-15,verified against retained primary-source record; no metadata-only entry is presented as a fully read paper
watermarks,yes,article,Watermarks in Stream Processing Systems: Semantics and Comparative Analysis of Apache Flink and Google Cloud Dataflow,Tyler Akidau and Edmon Begoli and Slava Chernyak and Fabian Hueske and Kathryn Knight and Kenneth Knowles and Daniel Mills and Dan Sotolongo,2021,Proc. VLDB Endow.,3135--3147,10.14778/3476311.3476389,https://www.vldb.org/pvldb/vol14/p3135-akidau.pdf,"targeted abstract, definitions and propagation passages; not counted as full-paper calibration",2026-09-15,verified against retained primary-source record; no metadata-only entry is presented as a fully read paper
weak,yes,article,Detection of Weak Unstable Predicates in Distributed Programs,Vijay K. Garg and Brian Waldecker,1994,IEEE Trans. Parallel Distrib. Syst.,299--307,"TPDS 5(3):299-307, 1994",https://users.ece.utexas.edu/~garg/dist/tpds94-weak.pdf,full nine-page author manuscript,2026-09-15,verified against retained primary-source record; no metadata-only entry is presented as a fully read paper
