family,scale,seed,events,edges,sources,targets,header_json_bytes,fact_catalog,method,fact_count,selection_ms,forward_ms,backward_ms,admission_ms
chains,128,11,128,120,8,136,10448,128,all_facts,128,0.009033999958774075,0.08251400004155585,0.15089699991222005,0.3438270000515331
chains,128,11,128,120,8,136,10448,128,per_target,128,0.10779200010802015,0.08243400043284055,0.1371169996673416,0.3438270000515331
chains,128,11,128,120,8,136,10448,128,greedy,8,0.1664100000198232,0.053900999773759395,0.2364960000704741,0.3438270000515331
chains,128,11,128,120,8,136,10448,128,chain_optimum,8,0.2637659999891184,,,0.3438270000515331
chains,128,29,128,120,8,136,10448,128,all_facts,128,0.007511000148952007,0.08406599999943865,0.15590399971188162,0.34762199993565446
chains,128,29,128,120,8,136,10448,128,per_target,128,0.11055599998144316,0.09024499968290911,0.16016099971238873,0.34762199993565446
chains,128,29,128,120,8,136,10448,128,greedy,8,0.1649179998821637,0.05508300000656163,0.24898399988160236,0.34762199993565446
chains,128,29,128,120,8,136,10448,128,chain_optimum,8,0.27179799963050755,,,0.34762199993565446
chains,128,47,128,120,8,136,10448,128,all_facts,128,0.006059000043023843,0.08564900008423137,0.15879800002949196,0.35453200007395935
chains,128,47,128,120,8,136,10448,128,per_target,128,0.11171799997100607,0.08922400002120412,0.1538310002615617,0.35453200007395935
chains,128,47,128,120,8,136,10448,128,greedy,8,0.15483299966945197,0.053421000302478205,0.24179299998650094,0.35453200007395935
chains,128,47,128,120,8,136,10448,128,chain_optimum,8,0.2559650001785485,,,0.35453200007395935
chains,1024,11,1024,1016,8,1032,83289,1024,all_facts,1024,0.014151999948808225,0.3682830001707771,0.8155450000231212,2.1503490002032777
chains,1024,11,1024,1016,8,1032,83289,1024,per_target,1024,0.600672000018676,0.41314099962619366,0.8372379998036195,2.1503490002032777
chains,1024,11,1024,1016,8,1032,83289,1024,greedy,8,0.9881440000754083,0.20185299990771455,1.550989999941521,2.1503490002032777
chains,1024,11,1024,1016,8,1032,83289,1024,chain_optimum,8,1.4904289996593434,,,2.1503490002032777
chains,1024,29,1024,1016,8,1032,83289,1024,all_facts,1024,0.01512300013928325,0.41760800013435073,0.820873000066058,2.100404999964667
chains,1024,29,1024,1016,8,1032,83289,1024,per_target,1024,0.6020340001668956,0.48881399970923667,0.8335719999195135,2.100404999964667
chains,1024,29,1024,1016,8,1032,83289,1024,greedy,8,0.9764569999788364,0.22729200009052875,1.5926219998618762,2.100404999964667
chains,1024,29,1024,1016,8,1032,83289,1024,chain_optimum,8,1.5383300001303724,,,2.100404999964667
chains,1024,47,1024,1016,8,1032,83289,1024,all_facts,1024,0.01447100021323422,0.4065299999638228,0.8048889999372477,2.1903900001234433
chains,1024,47,1024,1016,8,1032,83289,1024,per_target,1024,0.584117000016704,0.4074920002494764,0.8334519998243195,2.1903900001234433
chains,1024,47,1024,1016,8,1032,83289,1024,greedy,8,1.0084840000672557,0.204156999643601,1.5519109997512714,2.1903900001234433
chains,1024,47,1024,1016,8,1032,83289,1024,chain_optimum,8,1.4868430002934474,,,2.1903900001234433
chains,8192,11,8192,8184,8,8200,685586,8192,all_facts,8192,0.04531799959295313,3.122570999948948,7.226626999909058,17.30078099990351
chains,8192,11,8192,8184,8,8200,685586,8192,per_target,8192,5.159021000054054,3.7029630002507474,7.198013999641262,17.30078099990351
chains,8192,11,8192,8184,8,8200,685586,8192,greedy,8,21.442753999963315,1.2985609996576386,12.55302900017341,17.30078099990351
chains,8192,11,8192,8184,8,8200,685586,8192,chain_optimum,8,12.004814999727387,,,17.30078099990351
chains,8192,29,8192,8184,8,8200,685586,8192,all_facts,8192,0.05071599980510655,3.196540000317327,7.208724000065558,18.427379000058863
chains,8192,29,8192,8184,8,8200,685586,8192,per_target,8192,5.276832999697945,3.108537999651162,7.385490000160644,18.427379000058863
chains,8192,29,8192,8184,8,8200,685586,8192,greedy,8,20.972571000129392,1.3603530001091713,13.225618999967992,18.427379000058863
chains,8192,29,8192,8184,8,8200,685586,8192,chain_optimum,8,12.558205999994243,,,18.427379000058863
chains,8192,47,8192,8184,8,8200,685586,8192,all_facts,8192,0.046579999889218016,2.898743000059767,7.068463999985397,16.91648099995291
chains,8192,47,8192,8184,8,8200,685586,8192,per_target,8192,4.979067000022042,2.9960580000079062,6.96003999973982,16.91648099995291
chains,8192,47,8192,8184,8,8200,685586,8192,greedy,8,20.219720999648416,1.2715390002995264,12.718097000288253,16.91648099995291
chains,8192,47,8192,8184,8,8200,685586,8192,chain_optimum,8,12.767340999744192,,,16.91648099995291
dag,128,11,128,360,128,256,15592,128,all_facts,128,0.008091999916359782,0.11398100014048396,0.24532899988116696,0.5352849998416787
dag,128,11,128,360,128,256,15592,128,per_target,40,0.16202400001930073,0.10708099989642506,0.3019639998456114,0.5352849998416787
dag,128,11,128,360,128,256,15592,128,greedy,8,0.32770200004961225,0.08283499983008369,0.32190399997489294,0.5352849998416787
dag,128,29,128,360,128,256,15602,128,all_facts,128,0.00862300021253759,0.10891400006585172,0.25589500000933185,0.5962559998806682
dag,128,29,128,360,128,256,15602,128,per_target,30,0.15931000007185503,0.08722100028535351,0.2894360000027518,0.5962559998806682
dag,128,29,128,360,128,256,15602,128,greedy,8,0.2566960001786356,0.07937899999888032,0.321643999996013,0.5962559998806682
dag,128,47,128,360,128,256,15605,128,all_facts,128,0.007992000064405147,0.09595400024409173,0.24841399999786518,0.5122200000187149
dag,128,47,128,360,128,256,15605,128,per_target,43,0.15467200000784942,0.08787199976723059,0.2871910000976641,0.5122200000187149
dag,128,47,128,360,128,256,15605,128,greedy,8,0.2517480002097727,0.07818800031600404,0.31703700005891733,0.5122200000187149
dag,1024,11,1024,3048,1024,2048,129674,1024,all_facts,1024,0.014061000001674984,0.6539539999721455,1.6834199996083044,3.915255999800138
dag,1024,11,1024,3048,1024,2048,129674,1024,per_target,255,1.1189210003976768,0.6060609998712607,2.299427000252763,3.915255999800138
dag,1024,11,1024,3048,1024,2048,129674,1024,greedy,8,2.089641000111442,0.42806400006156764,2.2551500001100067,3.915255999800138
dag,1024,29,1024,3048,1024,2048,129680,1024,all_facts,1024,0.013840000065101776,0.6708790001539455,1.7092789998969238,3.948726000089664
dag,1024,29,1024,3048,1024,2048,129680,1024,per_target,261,1.1017259998880036,0.5746740002905426,2.0894100002806226,3.948726000089664
dag,1024,29,1024,3048,1024,2048,129680,1024,greedy,8,2.2226510000109556,0.49356199997419026,2.595972000108304,3.948726000089664
dag,1024,47,1024,3048,1024,2048,129716,1024,all_facts,1024,0.013369999578571878,0.7386669999505102,1.7701030001262552,3.9139549999163137
dag,1024,47,1024,3048,1024,2048,129716,1024,per_target,271,1.2037440001222421,0.565507999908732,2.455360000112705,3.9139549999163137
dag,1024,47,1024,3048,1024,2048,129716,1024,greedy,8,2.027948999966611,0.4479109998101194,2.346415999909368,3.9139549999163137
dag,8192,11,8192,24552,8192,16384,1083398,8192,all_facts,8192,0.04874300020674127,5.209435999859124,15.135387999634986,31.298758999582788
dag,8192,11,8192,24552,8192,16384,1083398,8192,per_target,2033,11.12145800016151,4.453901000033511,17.802234000100725,31.298758999582788
dag,8192,11,8192,24552,8192,16384,1083398,8192,greedy,8,58.440573000098084,3.4444839998286625,19.40766400002758,31.298758999582788
dag,8192,29,8192,24552,8192,16384,1083247,8192,all_facts,8192,0.05054499979451066,5.216215000018565,14.60901600012221,33.777571999962674
dag,8192,29,8192,24552,8192,16384,1083247,8192,per_target,2086,11.04553200002556,4.465838999749394,19.492933000037738,33.777571999962674
dag,8192,29,8192,24552,8192,16384,1083247,8192,greedy,8,60.8370219997596,3.3700730000418844,19.117378999908397,33.777571999962674
dag,8192,47,8192,24552,8192,16384,1083380,8192,all_facts,8192,0.051416999667708296,5.837356000029104,15.348533999713254,33.44555500007118
dag,8192,47,8192,24552,8192,16384,1083380,8192,per_target,2085,10.714011000345636,4.600832000051014,17.45276700012255,33.44555500007118
dag,8192,47,8192,24552,8192,16384,1083380,8192,greedy,8,59.255231999941316,3.724523000073532,19.731259999844042,33.44555500007118
heterogeneous,128,11,128,120,8,56,10693,128,all_facts,128,0.0075810003181686625,0.07496299986087251,0.13358000023799832,0.36349599986351677
heterogeneous,128,11,128,120,8,56,10693,128,per_target,48,0.07742700017843163,0.06047099986972171,0.13146799983587698,0.36349599986351677
heterogeneous,128,11,128,120,8,56,10693,128,greedy,16,0.21940899978289963,0.05372099985834211,0.2751739998529956,0.36349599986351677
heterogeneous,128,11,128,120,8,56,10693,128,chain_optimum,16,0.23736699995424715,,,0.36349599986351677
heterogeneous,128,29,128,120,8,56,10693,128,all_facts,128,0.0071200001912075095,0.07690499978707521,0.13381099961407017,0.3578270002435602
heterogeneous,128,29,128,120,8,56,10693,128,per_target,48,0.08857299962983234,0.060680999922624324,0.1308959999732906,0.3578270002435602
heterogeneous,128,29,128,120,8,56,10693,128,greedy,16,0.1993800001400814,0.050847000238718465,0.2618029998302518,0.3578270002435602
heterogeneous,128,29,128,120,8,56,10693,128,chain_optimum,16,0.2305459997842263,,,0.3578270002435602
heterogeneous,128,47,128,120,8,56,10693,128,all_facts,128,0.007020999873930123,0.07484199977625394,0.14744200007044128,0.4429750001690991
heterogeneous,128,47,128,120,8,56,10693,128,per_target,48,0.08838199983074446,0.059208000038779574,0.13273900003696326,0.4429750001690991
heterogeneous,128,47,128,120,8,56,10693,128,greedy,16,0.20949500003553112,0.05333099989002221,0.28006100001221057,0.4429750001690991
heterogeneous,128,47,128,120,8,56,10693,128,chain_optimum,16,0.23907900003905524,,,0.4429750001690991
heterogeneous,1024,11,1024,1016,8,344,85944,1024,all_facts,1024,0.014933000329619972,0.36943499981134664,0.6347730000015872,2.2176600000420876
heterogeneous,1024,11,1024,1016,8,344,85944,1024,per_target,336,0.5325800002538017,0.2441970000290894,0.6000010002935596,2.2176600000420876
heterogeneous,1024,11,1024,1016,8,344,85944,1024,greedy,8,0.6663799999842013,0.16630999971312121,1.1607730002651806,2.2176600000420876
heterogeneous,1024,11,1024,1016,8,344,85944,1024,chain_optimum,8,1.2178189999758615,,,2.2176600000420876
heterogeneous,1024,29,1024,1016,8,344,85944,1024,all_facts,1024,0.013020000096730655,0.3773970001930138,0.6050179999874672,2.600514999812731
heterogeneous,1024,29,1024,1016,8,344,85944,1024,per_target,336,0.45301000000108615,0.22631000001638313,0.5842179998580832,2.600514999812731
heterogeneous,1024,29,1024,1016,8,344,85944,1024,greedy,8,0.6790190000174334,0.16014099992389674,1.1553250001270499,2.600514999812731
heterogeneous,1024,29,1024,1016,8,344,85944,1024,chain_optimum,8,1.2103680001018802,,,2.600514999812731
heterogeneous,1024,47,1024,1016,8,344,85944,1024,all_facts,1024,0.013208999916969333,0.3651990000435035,0.6176870001581847,2.3753270002089266
heterogeneous,1024,47,1024,1016,8,344,85944,1024,per_target,336,0.4413229999045143,0.24472699988109525,0.5814129999635043,2.3753270002089266
heterogeneous,1024,47,1024,1016,8,344,85944,1024,greedy,8,0.6719089997204719,0.15873800020926865,1.1548649999895133,2.3753270002089266
heterogeneous,1024,47,1024,1016,8,344,85944,1024,chain_optimum,8,1.2139129999013676,,,2.3753270002089266
heterogeneous,8192,11,8192,8184,8,2744,712073,8192,all_facts,8192,0.04578800007948303,2.660996000031446,5.564447000324435,17.900191000080667
heterogeneous,8192,11,8192,8184,8,2744,712073,8192,per_target,2736,3.3264050002799195,1.7338940001536685,5.048982000062097,17.900191000080667
heterogeneous,8192,11,8192,8184,8,2744,712073,8192,greedy,16,16.906848999951762,1.101053000184038,14.816249999967113,17.900191000080667
heterogeneous,8192,11,8192,8184,8,2744,712073,8192,chain_optimum,16,10.277202999986912,,,17.900191000080667
heterogeneous,8192,29,8192,8184,8,2744,712073,8192,all_facts,8192,0.050145999921369366,2.7633999998215586,5.804686999908881,18.456765999872005
heterogeneous,8192,29,8192,8184,8,2744,712073,8192,per_target,2736,3.5428810001576494,1.7437689998587302,5.326849000084621,18.456765999872005
heterogeneous,8192,29,8192,8184,8,2744,712073,8192,greedy,16,17.197835999922972,1.076587000170548,15.33620999998675,18.456765999872005
heterogeneous,8192,29,8192,8184,8,2744,712073,8192,chain_optimum,16,10.785515999941708,,,18.456765999872005
heterogeneous,8192,47,8192,8184,8,2744,712073,8192,all_facts,8192,0.046660999942105263,2.617560000089725,5.883984999854874,17.65033499987112
heterogeneous,8192,47,8192,8184,8,2744,712073,8192,per_target,2736,3.3964310000555997,1.6723110002203612,4.836402999899292,17.65033499987112
heterogeneous,8192,47,8192,8184,8,2744,712073,8192,greedy,16,16.032645999985107,1.034404000165523,14.768867999919166,17.65033499987112
heterogeneous,8192,47,8192,8184,8,2744,712073,8192,chain_optimum,16,9.567237000283058,,,17.65033499987112
independent,128,11,257,256,257,256,29958,257,all_facts,257,0.008862999948178185,0.12372599985610577,0.42871400000876747,0.8100370000647672
independent,128,11,257,256,257,256,29958,257,per_target,128,0.1768659999470401,0.11595399973884923,0.41532400018695625,0.8100370000647672
independent,128,11,257,256,257,256,29958,257,greedy,128,0.34343599963904126,0.1087129999177705,0.4121590000067954,0.8100370000647672
independent,128,29,257,256,257,256,29958,257,all_facts,257,0.008573000286560273,0.12887399998362525,0.3873119999298069,0.7896170000094571
independent,128,29,257,256,257,256,29958,257,per_target,128,0.1733100002638821,0.12628000013137353,0.3955149995817919,0.7896170000094571
independent,128,29,257,256,257,256,29958,257,greedy,128,0.28291499984334223,0.11044600023524254,0.3861299996970047,0.7896170000094571
independent,128,47,257,256,257,256,29958,257,all_facts,257,0.0076020000960852485,0.12339599970800919,0.4378379999252502,0.8012040002540743
independent,128,47,257,256,257,256,29958,257,per_target,128,0.16649999997753184,0.11062600015065982,0.37804800012963824,0.8012040002540743
independent,128,47,257,256,257,256,29958,257,greedy,128,0.28772199993909453,0.10641000017130864,0.39641600005779765,0.8012040002540743
independent,1024,11,2049,2048,2049,2048,244586,2049,all_facts,2049,0.016445000255771447,0.8755249996283965,3.316322000046057,5.830107999827305
independent,1024,11,2049,2048,2049,2048,244586,2049,per_target,1024,1.1405740001464437,0.6459400001403992,2.9897110002821137,5.830107999827305
independent,1024,11,2049,2048,2049,2048,244586,2049,greedy,1024,2.795609999793669,0.7124900002963841,2.925594999851455,5.830107999827305
independent,1024,29,2049,2048,2049,2048,244586,2049,all_facts,2049,0.018638000256032683,0.8630860002085683,3.126287000213779,6.1997839998184645
independent,1024,29,2049,2048,2049,2048,244586,2049,per_target,1024,1.1057120000259602,0.6816939999225724,3.11173400041298,6.1997839998184645
independent,1024,29,2049,2048,2049,2048,244586,2049,greedy,1024,2.5960400002986717,0.6952050002837495,3.1494109998675412,6.1997839998184645
independent,1024,47,2049,2048,2049,2048,244586,2049,all_facts,2049,0.021011000171711203,0.9357839999211137,3.2003690002966323,6.531142999847361
independent,1024,47,2049,2048,2049,2048,244586,2049,per_target,1024,1.1796479998338327,0.8125599997583777,3.0352789999597007,6.531142999847361
independent,1024,47,2049,2048,2049,2048,244586,2049,greedy,1024,2.683400000023539,0.7072920002428873,3.1070370000634284,6.531142999847361
independent,8192,11,16385,16384,16385,16384,2005565,16385,all_facts,16385,0.09462199977861019,7.645102999958908,27.33750199968199,56.32473100013158
independent,8192,11,16385,16384,16385,16384,2005565,16385,per_target,8192,11.876540000230307,5.956386999969254,24.609435999991547,56.32473100013158
independent,8192,11,16385,16384,16385,16384,2005565,16385,greedy,8192,71.1514670001634,5.623988000024838,26.997958999800176,56.32473100013158
independent,8192,29,16385,16384,16385,16384,2005565,16385,all_facts,16385,0.09690500019132742,7.364259000041784,27.084427999852778,54.77433799978826
independent,8192,29,16385,16384,16385,16384,2005565,16385,per_target,8192,9.937632000401209,5.398781000167219,26.432010000007722,54.77433799978826
independent,8192,29,16385,16384,16385,16384,2005565,16385,greedy,8192,70.55351200006044,5.616346999886446,29.58657299996048,54.77433799978826
independent,8192,47,16385,16384,16385,16384,2005565,16385,all_facts,16385,0.0965439999163209,7.7554960002999,28.060886999810464,52.77750300001571
independent,8192,47,16385,16384,16385,16384,2005565,16385,per_target,8192,12.451206000150705,6.07778799985681,27.197204000003694,52.77750300001571
independent,8192,47,16385,16384,16385,16384,2005565,16385,greedy,8192,70.16631099986625,7.508636999773444,26.42033599977367,52.77750300001571
overlap,128,11,145,528,145,256,17795,145,all_facts,145,0.009143000170297455,0.11279899990768172,0.35825799977828865,0.6076620002204436
overlap,128,11,145,528,145,256,17795,145,per_target,11,0.19442100028754794,0.09121700031755609,0.3433950000726327,0.6076620002204436
overlap,128,11,145,528,145,256,17795,145,greedy,8,0.234122000165371,0.094371000159299,0.33837799992397777,0.6076620002204436
overlap,128,29,145,528,145,256,17815,145,all_facts,145,0.009123999916482717,0.10919399983322364,0.34896499983005924,0.5531319998226536
overlap,128,29,145,528,145,256,17815,145,per_target,9,0.18212399982076022,0.08639899988338584,0.37113799999133334,0.5531319998226536
overlap,128,29,145,528,145,256,17815,145,greedy,8,0.2473019999342796,0.09428199973626761,0.3479239999251149,0.5531319998226536
overlap,128,47,145,528,145,256,17812,145,all_facts,145,0.009844000032899203,0.12294499993004138,0.3751950002879312,0.615495000147348
overlap,128,47,145,528,145,256,17812,145,per_target,11,0.1860990000750462,0.10024000039265957,0.3818939999291615,0.615495000147348
overlap,128,47,145,528,145,256,17812,145,greedy,8,0.3032460003851156,0.09365100004288252,0.37638599997080746,0.615495000147348
overlap,1024,11,1153,4224,1153,2048,146902,1153,all_facts,1153,0.015383000118163181,0.7176890003393055,2.5415410000277916,3.9724719999867375
overlap,1024,11,1153,4224,1153,2048,146902,1153,per_target,89,1.3278260003062314,0.5257499997242121,2.703554999698099,3.9724719999867375
overlap,1024,11,1153,4224,1153,2048,146902,1153,greedy,66,2.2629720001532405,0.5482950000441633,2.474160000019765,3.9724719999867375
overlap,1024,29,1153,4224,1153,2048,146855,1153,all_facts,1153,0.014251000266085612,0.6656309997197241,2.534230000037496,4.110900999876321
overlap,1024,29,1153,4224,1153,2048,146855,1153,per_target,87,1.3161789997866435,0.5164359999980661,2.5210899998455716,4.110900999876321
overlap,1024,29,1153,4224,1153,2048,146855,1153,greedy,65,2.157714000077249,0.5353750002541346,2.615461999994295,4.110900999876321
overlap,1024,47,1153,4224,1153,2048,146888,1153,all_facts,1153,0.014001000181451673,0.7325609999497829,2.890334999847255,4.310491000069305
overlap,1024,47,1153,4224,1153,2048,146888,1153,per_target,94,1.2981220002075133,0.5461210002977168,2.6964740000039455,4.310491000069305
overlap,1024,47,1153,4224,1153,2048,146888,1153,greedy,65,2.0726759998979105,0.5442480000965588,2.720508000038535,4.310491000069305
overlap,8192,11,9217,33792,9217,16384,1222066,9217,all_facts,9217,0.05196799975237809,6.268656999964151,22.84425800007739,35.47997099985878
overlap,8192,11,9217,33792,9217,16384,1222066,9217,per_target,739,12.202671000068221,4.536304999874119,20.787867999843,35.47997099985878
overlap,8192,11,9217,33792,9217,16384,1222066,9217,greedy,526,47.98113100014234,4.495403999953851,20.29961500011268,35.47997099985878
overlap,8192,29,9217,33792,9217,16384,1222019,9217,all_facts,9217,0.053500000376516255,6.224354999631032,22.13974500000404,35.88395099995978
overlap,8192,29,9217,33792,9217,16384,1222019,9217,per_target,740,12.324852999881841,4.558411999823875,20.508562000031816,35.88395099995978
overlap,8192,29,9217,33792,9217,16384,1222019,9217,greedy,528,49.200246000054904,4.794877000222186,20.38494799990076,35.88395099995978
overlap,8192,47,9217,33792,9217,16384,1221956,9217,all_facts,9217,0.054552000165131176,6.096045000049344,21.164170999782073,37.34729200004949
overlap,8192,47,9217,33792,9217,16384,1221956,9217,per_target,744,12.391884999942704,4.257119000158127,19.80903399999079,37.34729200004949
overlap,8192,47,9217,33792,9217,16384,1221956,9217,greedy,522,47.840666999945825,4.498581000007107,19.608923999840044,37.34729200004949
shared,128,11,130,129,130,256,15078,130,all_facts,130,0.010525999982746725,0.10760899999695539,0.24626399999760906,0.5135399999858237
shared,128,11,130,129,130,256,15078,130,per_target,128,0.1486800000520816,0.11477999998987798,0.22050699999454082,0.5135399999858237
shared,128,11,130,129,130,256,15078,130,greedy,1,0.20391200001768084,0.0690319999989697,0.30695399999558504,0.5135399999858237
shared,128,29,130,129,130,256,15078,130,all_facts,130,0.008513000011589611,0.0957729998845025,0.21708699978262302,0.4754340002364188
shared,128,29,130,129,130,256,15078,130,per_target,128,0.12539799990918254,0.09273900013795355,0.20994499982407433,0.4754340002364188
shared,128,29,130,129,130,256,15078,130,greedy,1,0.1919080000334361,0.06336500018733204,0.28639099991778494,0.4754340002364188
shared,128,47,130,129,130,256,15078,130,all_facts,130,0.009594999937689863,0.09881899995889398,0.21297000012054923,0.4808620001313102
shared,128,47,130,129,130,256,15078,130,per_target,128,0.12809300005756086,0.09625399979995564,0.21745699996245094,0.4808620001313102
shared,128,47,130,129,130,256,15078,130,greedy,1,0.19877899967468693,0.07054600018818746,0.29373200004556566,0.4808620001313102
shared,1024,11,1026,1025,1026,2048,120884,1026,all_facts,1026,0.015242999779729871,0.5469010002343566,1.3748149999628367,3.529302000060852
shared,1024,11,1026,1025,1026,2048,120884,1026,per_target,1024,0.8224659995903494,0.5723999997826468,1.3545050001084746,3.529302000060852
shared,1024,11,1026,1025,1026,2048,120884,1026,greedy,1,1.5777200001139136,0.32884400025068317,2.451233000101638,3.529302000060852
shared,1024,29,1026,1025,1026,2048,120884,1026,all_facts,1026,0.013179999768908601,0.5335119999472226,1.3256309998723736,3.380628999821056
shared,1024,29,1026,1025,1026,2048,120884,1026,per_target,1024,0.787103000220668,0.5369059999793535,1.362807000077737,3.380628999821056
shared,1024,29,1026,1025,1026,2048,120884,1026,greedy,1,1.3336030001482868,0.30965500036472804,1.924601000155235,3.380628999821056
shared,1024,47,1026,1025,1026,2048,120884,1026,all_facts,1026,0.009062999652087456,0.6512980003208213,1.4198819999364787,3.3067770000343444
shared,1024,47,1026,1025,1026,2048,120884,1026,per_target,1024,0.805720999778714,0.5259599997771147,1.3017860001127701,3.3067770000343444
shared,1024,47,1026,1025,1026,2048,120884,1026,greedy,1,1.372863000142388,0.30481799967674306,1.9456329996501154,3.3067770000343444
shared,8192,11,8194,8193,8194,16384,988212,8194,all_facts,8194,0.04965500011167023,4.327400999954989,11.928762000025017,30.292600999928254
shared,8192,11,8194,8193,8194,16384,988212,8194,per_target,8192,7.94348399995215,4.631178000181535,11.848590999761655,30.292600999928254
shared,8192,11,8194,8193,8194,16384,988212,8194,greedy,1,41.595692000100826,2.7148490003128245,16.683113999988564,30.292600999928254
shared,8192,29,8194,8193,8194,16384,988212,8194,all_facts,8194,0.04528699992079055,4.534912000053737,12.014166999961162,29.360217999965244
shared,8192,29,8194,8193,8194,16384,988212,8194,per_target,8192,7.547373999841511,4.441252000106033,11.718686000222078,29.360217999965244
shared,8192,29,8194,8193,8194,16384,988212,8194,greedy,1,40.370639999764535,2.6717639998423692,16.089091000139888,29.360217999965244
shared,8192,47,8194,8193,8194,16384,988212,8194,all_facts,8194,0.05018599995310069,4.4255590000830125,11.580898000374873,28.235958999630384
shared,8192,47,8194,8193,8194,16384,988212,8194,per_target,8192,7.03994600007718,4.381581999950868,11.518643999806955,28.235958999630384
shared,8192,47,8194,8193,8194,16384,988212,8194,greedy,1,42.56694500008962,3.177354999934323,17.730492999817216,28.235958999630384
